"","old_name","new_name2"
"1","date","date"
"2","year","year"
"3","month","month"
"4","day","day"
"5","dich_pm2_5","dich.pm2_5"
"6","pm2_5","pm2_5"
"7","pm2_5_mdl","pm2_5_mdl"
"8","pres","pres"
"9","temp","temp"
"10","actual_volume","actual_volume"
"11","dich_pm2_5_mdl","dich.pm2_5_mdl"
"12","dich_pres","dich.pres"
"13","dich_temp","dich.temp"
"14","dich_actual_volume","dich.actual_volume"
"15","EDXRF_dich_sulphate","dich.EDXRF.TF.sulphate"
"16","EDXRF_dich_sulphate_mdl","dich.EDXRF.TF.sulphate_mdl"
"17","EDXRF_dich_nitrate","dich.EDXRF.TF.nitrate"
"18","EDXRF_dich_nitrate_mdl","dich.EDXRF.TF.nitrate_mdl"
"19","EDXRF_dich_aluminum_al","dich.EDXRF.TF.aluminum_al"
"20","EDXRF_dich_al_mdl","dich.EDXRF.TF.aluminum_al_mdl"
"21","EDXRF_dich_silicon_si","dich.EDXRF.TF.silicon_si"
"22","EDXRF_dich_si_mdl","dich.EDXRF.TF.silicon_si_mdl"
"23","EDXRF_dich_sulphur_s","dich.EDXRF.TF.sulphur_s"
"24","EDXRF_dich_s_mdl","dich.EDXRF.TF.sulphur_s_mdl"
"25","EDXRF_dich_potassium_k","dich.EDXRF.TF.potassium_k"
"26","EDXRF_dich_k_mdl","dich.EDXRF.TF.potassium_k_mdl"
"27","EDXRF_dich_calcium_ca","dich.EDXRF.TF.calcium_ca"
"28","EDXRF_dich_ca_mdl","dich.EDXRF.TF.calcium_ca_mdl"
"29","EDXRF_dich_titanium_ti","dich.EDXRF.TF.titanium_ti"
"30","EDXRF_dich_ti_mdl","dich.EDXRF.TF.titanium_ti_mdl"
"31","EDXRF_dich_vanadium_v","dich.EDXRF.TF.vanadium_v"
"32","EDXRF_dich_v_mdl","dich.EDXRF.TF.vanadium_v_mdl"
"33","EDXRF_dich_chromium_cr","dich.EDXRF.TF.chromium_cr"
"34","EDXRF_dich_cr_mdl","dich.EDXRF.TF.chromium_cr_mdl"
"35","EDXRF_dich_manganese_mn","dich.EDXRF.TF.manganese_mn"
"36","EDXRF_dich_mn_mdl","dich.EDXRF.TF.manganese_mn_mdl"
"37","EDXRF_dich_iron_fe","dich.EDXRF.TF.iron_fe"
"38","EDXRF_dich_fe_mdl","dich.EDXRF.TF.iron_fe_mdl"
"39","EDXRF_dich_nickel_ni","dich.EDXRF.TF.nickel_ni"
"40","EDXRF_dich_ni_mdl","dich.EDXRF.TF.nickel_ni_mdl"
"41","EDXRF_dich_zinc_zn","dich.EDXRF.TF.zinc_zn"
"42","EDXRF_dich_zn_mdl","dich.EDXRF.TF.zinc_zn_mdl"
"43","EDXRF_dich_selenium_se","dich.EDXRF.TF.selenium_se"
"44","EDXRF_dich_se_mdl","dich.EDXRF.TF.selenium_se_mdl"
"45","EDXRF_dich_bromine_br","dich.EDXRF.TF.bromine_br"
"46","EDXRF_dich_br_mdl","dich.EDXRF.TF.bromine_br_mdl"
"47","EDXRF_dich_rubidium_rb","dich.EDXRF.TF.rubidium_rb"
"48","EDXRF_dich_rb_mdl","dich.EDXRF.TF.rubidium_rb_mdl"
"49","EDXRF_dich_strontium_sr","dich.EDXRF.TF.strontium_sr"
"50","EDXRF_dich_sr_mdl","dich.EDXRF.TF.strontium_sr_mdl"
"51","EDXRF_dich_cadmium_cd","dich.EDXRF.TF.cadmium_cd"
"52","EDXRF_dich_cd_mdl","dich.EDXRF.TF.cadmium_cd_mdl"
"53","EDXRF_dich_tin_sn","dich.EDXRF.TF.tin_sn"
"54","EDXRF_dich_sn_mdl","dich.EDXRF.TF.tin_sn_mdl"
"55","EDXRF_dich_antimony_sb","dich.EDXRF.TF.antimony_sb"
"56","EDXRF_dich_sb_mdl","dich.EDXRF.TF.antimony_sb_mdl"
"57","EDXRF_dich_cesium_cs","dich.EDXRF.TF.cesium_cs"
"58","EDXRF_dich_cs_mdl","dich.EDXRF.TF.cerium_cs_mdl"
"59","EDXRF_dich_barium_ba","dich.EDXRF.TF.barium_ba"
"60","EDXRF_dich_ba_mdl","dich.EDXRF.TF.barium_ba_mdl"
"61","EDXRF_dich_lead_pb","dich.EDXRF.TF.lead_pb"
"62","EDXRF_dich_pb_mdl","dich.EDXRF.TF.lead_pb_mdl"
"63","EDXRF_dich_chlorine_cl","dich.EDXRF.TF.chlorine_cl"
"64","EDXRF_dich_cl_mdl","dich.EDXRF.TF.chlorine_cl_mdl"
"65","EDXRF_aluminum_al","na.EDXRF.TF.aluminum_al"
"66","EDXRF_al_mdl","na.EDXRF.TF.aluminum_al_mdl"
"67","EDXRF_silicon_si","na.EDXRF.TF.silicon_si"
"68","EDXRF_si_mdl","na.EDXRF.TF.silicon_si_mdl"
"69","EDXRF_sulphur_s","na.EDXRF.TF.sulphur_s"
"70","EDXRF_s_mdl","na.EDXRF.TF.sulphur_s_mdl"
"71","EDXRF_potassium_k","na.EDXRF.TF.potassium_k"
"72","EDXRF_k_mdl","na.EDXRF.TF.potassium_k_mdl"
"73","EDXRF_calcium_ca","na.EDXRF.TF.calcium_ca"
"74","EDXRF_ca_mdl","na.EDXRF.TF.calcium_ca_mdl"
"75","EDXRF_titanium_ti","na.EDXRF.TF.titanium_ti"
"76","EDXRF_ti_mdl","na.EDXRF.TF.titanium_ti_mdl"
"77","EDXRF_vanadium_v","na.EDXRF.TF.vanadium_v"
"78","EDXRF_v_mdl","na.EDXRF.TF.vanadium_v_mdl"
"79","EDXRF_chromium_cr","na.EDXRF.TF.chromium_cr"
"80","EDXRF_cr_mdl","na.EDXRF.TF.chromium_cr_mdl"
"81","EDXRF_manganese_mn","na.EDXRF.TF.manganese_mn"
"82","EDXRF_mn_mdl","na.EDXRF.TF.manganese_mn_mdl"
"83","EDXRF_iron_fe","na.EDXRF.TF.iron_fe"
"84","EDXRF_fe_mdl","na.EDXRF.TF.iron_fe_mdl"
"85","EDXRF_nickel_ni","na.EDXRF.TF.nickel_ni"
"86","EDXRF_ni_mdl","na.EDXRF.TF.nickel_ni_mdl"
"87","EDXRF_zinc_zn","na.EDXRF.TF.zinc_zn"
"88","EDXRF_zn_mdl","na.EDXRF.TF.zinc_zn_mdl"
"89","EDXRF_selenium_se","na.EDXRF.TF.selenium_se"
"90","EDXRF_se_mdl","na.EDXRF.TF.selenium_se_mdl"
"91","EDXRF_bromine_br","na.EDXRF.TF.bromine_br"
"92","EDXRF_br_mdl","na.EDXRF.TF.bromine_br_mdl"
"93","EDXRF_rubidium_rb","na.EDXRF.TF.rubidium_rb"
"94","EDXRF_rb_mdl","na.EDXRF.TF.rubidium_rb_mdl"
"95","EDXRF_strontium_sr","na.EDXRF.TF.strontium_sr"
"96","EDXRF_sr_mdl","na.EDXRF.TF.strontium_sr_mdl"
"97","EDXRF_cadmium_cd","na.EDXRF.TF.cadmium_cd"
"98","EDXRF_cd_mdl","na.EDXRF.TF.cadmium_cd_mdl"
"99","EDXRF_tin_sn","na.EDXRF.TF.tin_sn"
"100","EDXRF_sn_mdl","na.EDXRF.TF.tin_sn_mdl"
"101","EDXRF_antimony_sb","na.EDXRF.TF.antimony_sb"
"102","EDXRF_sb_mdl","na.EDXRF.TF.antimony_sb_mdl"
"103","EDXRF_cs_mdl","na.EDXRF.TF.cerium_cs_mdl"
"104","EDXRF_barium_ba","na.EDXRF.TF.barium_ba"
"105","EDXRF_ba_mdl","na.EDXRF.TF.barium_ba_mdl"
"106","EDXRF_lead_pb","na.EDXRF.TF.lead_pb"
"107","EDXRF_pb_mdl","na.EDXRF.TF.lead_pb_mdl"
"108","EDXRF_cesium_cs","na.EDXRF.TF.cesium_cs"
"109","EDXRF_cerium_cs","na.EDXRF.TF.cerium_cs"
"110","EDXRF_dich_cerium_cs","dich.EDXRF.TF.cerium_cs"
"111","Ions_IC_dich_sodium","dich.IC.na.sodium"
"112","Ions_IC_dich_sodium_mdl","dich.IC.na.sodium_mdl"
"113","Ions_IC_dich_ammonium","dich.IC.na.ammonium"
"114","Ions_IC_dich_ammonium_mdl","dich.IC.na.ammonium_mdl"
"115","Ions_IC_dich_fluoride","dich.IC.na.fluoride"
"116","Ions_IC_dich_fluoride_mdl","dich.IC.na.fluoride_mdl"
"117","Ions_IC_dich_acetate","dich.IC.na.acetate"
"118","Ions_IC_dich_acetate_mdl","dich.IC.na.acetate_mdl"
"119","Ions_IC_dich_formate","dich.IC.na.formate"
"120","Ions_IC_dich_formate_mdl","dich.IC.na.formate_mdl"
"121","Ions_IC_dich_propionate","dich.IC.na.propionate"
"122","Ions_IC_dich_propionate_mdl","dich.IC.na.propionate_mdl"
"123","Ions_IC_dich_msa","dich.IC.na.msa"
"124","Ions_IC_dich_msa_mdl","dich.IC.na.msa_mdl"
"125","Ions_IC_dich_nitrite","dich.IC.na.nitrite"
"126","Ions_IC_dich_nitrite_mdl","dich.IC.na.nitrite_mdl"
"127","Ions_IC_dich_oxalate","dich.IC.na.oxalate"
"128","Ions_IC_dich_oxalate_mdl","dich.IC.na.oxalate_mdl"
"129","Ions_IC_dich_bromide","dich.IC.na.bromide"
"130","Ions_IC_dich_bromide_mdl","dich.IC.na.bromide_mdl"
"131","Ions_IC_dich_phosphate","dich.IC.na.phosphate"
"132","Ions_IC_dich_phosphate_mdl","dich.IC.na.phosphate_mdl"
"133","Ions_IC_dich_lithium","dich.IC.na.lithium"
"134","Ions_IC_dich_lithium_mdl","dich.IC.na.lithium_mdl"
"135","Ions_IC_dich_potassium","dich.IC.na.potassium"
"136","Ions_IC_dich_potassium_mdl","dich.IC.na.potassium_mdl"
"137","Ions_IC_dich_magnesium","dich.IC.na.magnesium"
"138","Ions_IC_dich_magnesium_mdl","dich.IC.na.magnesium_mdl"
"139","Ions_IC_dich_manganese_mn","dich.IC.na.manganese_mn"
"140","Ions_IC_dich_manganese_mdl","dich.IC.na.manganese_mn_mdl"
"141","Ions_IC_dich_calcium","dich.IC.na.calcium"
"142","Ions_IC_dich_calcium_mdl","dich.IC.na.calcium_mdl"
"143","Ions_IC_dich_strontium_sr","dich.IC.na.strontium_sr"
"144","Ions_IC_dich_strontium_mdl","dich.IC.na.strontium_sr_mdl"
"145","Ions_IC_dich_barium_ba","dich.IC.na.barium_ba"
"146","Ions_IC_dich_barium_mdl","dich.IC.na.barium_ba_mdl"
"147","Ions_IC_tf_fluoride","na.IC.TF.fluoride"
"148","Ions_IC_tf_fluoride_mdl","na.IC.TF.fluoride_mdl"
"149","Ions_IC_tf_chloride","na.IC.TF.chloride"
"150","Ions_IC_tf_chloride_mdl","na.IC.TF.chloride_mdl"
"151","Ions_IC_tf_sulphate","na.IC.TF.sulphate"
"152","Ions_IC_tf_sulphate_mdl","na.IC.TF.sulphate_mdl"
"153","Ions_IC_tf_oxalate","na.IC.TF.oxalate"
"154","Ions_IC_tf_oxalate_mdl","na.IC.TF.oxalate_mdl"
"155","Ions_IC_tf_nitrate","na.IC.TF.nitrate"
"156","Ions_IC_tf_nitrate_mdl","na.IC.TF.nitrate_mdl"
"157","Ions_IC_tf_lithium","na.IC.TF.lithium"
"158","Ions_IC_tf_lithium_mdl","na.IC.TF.lithium_mdl"
"159","Ions_IC_tf_sodium","na.IC.TF.sodium"
"160","Ions_IC_tf_sodium_mdl","na.IC.TF.sodium_mdl"
"161","Ions_IC_tf_ammonium","na.IC.TF.ammonium"
"162","Ions_IC_tf_ammonium_mdl","na.IC.TF.ammonium_mdl"
"163","Ions_IC_tf_potassium","na.IC.TF.potassium"
"164","Ions_IC_tf_potassium_mdl","na.IC.TF.potassium_mdl"
"165","Ions_IC_tf_magnesium","na.IC.TF.magnesium"
"166","Ions_IC_tf_magnesium_mdl","na.IC.TF.magnesium_mdl"
"167","Ions_IC_tf_calcium","na.IC.TF.calcium"
"168","Ions_IC_tf_calcium_mdl","na.IC.TF.calcium_mdl"
"169","Ions_IC_tf_acetate","na.IC.TF.acetate"
"170","Ions_IC_tf_acetate_mdl","na.IC.TF.acetate_mdl"
"171","Ions_IC_tf_formate","na.IC.TF.formate"
"172","Ions_IC_tf_formate_mdl","na.IC.TF.formate_mdl"
"173","Ions_IC_tf_propionate","na.IC.TF.propionate"
"174","Ions_IC_tf_propionate_mdl","na.IC.TF.propionate_mdl"
"175","Ions_IC_tf_msa","na.IC.TF.msa"
"176","Ions_IC_tf_msa_mdl","na.IC.TF.msa_mdl"
"177","Ions_IC_tf_nitrite","na.IC.TF.nitrite"
"178","Ions_IC_tf_nitrite_mdl","na.IC.TF.nitrite_mdl"
"179","Ions_IC_tf_bromide","na.IC.TF.bromide"
"180","Ions_IC_tf_bromide_mdl","na.IC.TF.bromide_mdl"
"181","Ions_IC_tf_phosphate","na.IC.TF.phosphate"
"182","Ions_IC_tf_phosphate_mdl","na.IC.TF.phosphate_mdl"
"183","Ions_IC_tf_strontium","na.IC.TF.strontium"
"184","Ions_IC_tf_strontium_mdl","na.IC.TF.strontium_mdl"
"185","Ions_IC_tf_barium","na.IC.TF.barium"
"186","Ions_IC_tf_barium_mdl","na.IC.TF.barium_mdl"
"187","Ions_IC_dich_tf_fluoride","dich.IC.TF.fluoride"
"188","Ions_IC_dich_tf_fluoride_mdl","dich.IC.TF.fluoride_mdl"
"189","Ions_IC_dich_tf_acetate","dich.IC.TF.acetate"
"190","Ions_IC_dich_tf_acetate_mdl","dich.IC.TF.acetate_mdl"
"191","Ions_IC_dich_tf_formate","dich.IC.TF.formate"
"192","Ions_IC_dich_tf_formate_mdl","dich.IC.TF.formate_mdl"
"193","Ions_IC_dich_tf_propionate","dich.IC.TF.propionate"
"194","Ions_IC_dich_tf_propionate_mdl","dich.IC.TF.propionate_mdl"
"195","Ions_IC_dich_tf_msa","dich.IC.TF.msa"
"196","Ions_IC_dich_tf_msa_mdl","dich.IC.TF.msa_mdl"
"197","Ions_IC_dich_tf_chloride","dich.IC.TF.chloride"
"198","Ions_IC_dich_tf_chloride_mdl","dich.IC.TF.chloride_mdl"
"199","Ions_IC_dich_tf_nitrite","dich.IC.TF.nitrite"
"200","Ions_IC_dich_tf_nitrite_mdl","dich.IC.TF.nitrite_mdl"
"201","Ions_IC_dich_tf_sulphate","dich.IC.TF.sulphate"
"202","Ions_IC_dich_tf_sulphate_mdl","dich.IC.TF.sulphate_mdl"
"203","Ions_IC_dich_tf_oxalate","dich.IC.TF.oxalate"
"204","Ions_IC_dich_tf_oxalate_mdl","dich.IC.TF.oxalate_mdl"
"205","Ions_IC_dich_tf_bromide","dich.IC.TF.bromide"
"206","Ions_IC_dich_tf_bromide_mdl","dich.IC.TF.bromide_mdl"
"207","Ions_IC_dich_tf_nitrate","dich.IC.TF.nitrate"
"208","Ions_IC_dich_tf_nitrate_mdl","dich.IC.TF.nitrate_mdl"
"209","Ions_IC_dich_tf_phosphate","dich.IC.TF.phosphate"
"210","Ions_IC_dich_tf_phosphate_mdl","dich.IC.TF.phosphate_mdl"
"211","Ions_IC_dich_tf_lithium","dich.IC.TF.lithium"
"212","Ions_IC_dich_tf_lithium_mdl","dich.IC.TF.lithium_mdl"
"213","Ions_IC_dich_tf_sodium","dich.IC.TF.sodium"
"214","Ions_IC_dich_tf_sodium_mdl","dich.IC.TF.sodium_mdl"
"215","Ions_IC_dich_tf_ammonium","dich.IC.TF.ammonium"
"216","Ions_IC_dich_tf_ammonium_mdl","dich.IC.TF.ammonium_mdl"
"217","Ions_IC_dich_tf_potassium","dich.IC.TF.potassium"
"218","Ions_IC_dich_tf_potassium_mdl","dich.IC.TF.potassium_mdl"
"219","Ions_IC_dich_tf_magnesium","dich.IC.TF.magnesium"
"220","Ions_IC_dich_tf_magnesium_mdl","dich.IC.TF.magnesium_mdl"
"221","Ions_IC_dich_tf_calcium","dich.IC.TF.calcium"
"222","Ions_IC_dich_tf_calcium_mdl","dich.IC.TF.calcium_mdl"
"223","Ions_IC_dich_tf_strontium","dich.IC.TF.strontium"
"224","Ions_IC_dich_tf_strontium_mdl","dich.IC.TF.strontium_mdl"
"225","Ions_IC_dich_tf_barium","dich.IC.TF.barium"
"226","Ions_IC_dich_tf_barium_mdl","dich.IC.TF.barium_mdl"
"227","spec_pm2_5","spec.pm2_5"
"228","spec_pm2_5_mdl","spec.TOR.QF.pm_b_mdl"
"229","spec_pres","spec.pres"
"230","spec_temp","spec.temp"
"231","spec_actual_volume","spec.actual_volume"
"232","spec_dich_pm2_5","spec.dich.pm2_5"
"233","spec_sulphate","spec.sulphate"
"234","spec_t_no3","spec.t_no3"
"235","spec_n_no3","spec.n_no3"
"236","spec_nitrate","spec.nitrate"
"237","spec_ammonium","spec.ammonium"
"238","spec_oc_ra","spec.oc_ra"
"239","spec_oc_rb","spec.oc_rb"
"240","spec_oc","spec.oc"
"241","spec_ec","spec.ec"
"242","spec_ammonia","spec.ammonia"
"243","spec_press","spec.press"
"244","spec_ws","spec.ws"
"245","spec_hum","spec.hum"
"246","spec_tdp","spec.tdp"
"247","spec_wd","spec.wd"
"248","spec_nitric acid","spec.nitricacid"
"249","spec_sulphur dioxide","spec.sulphurdioxide"
"250","Ions_IC_spec_tf_fluoride","spec.IC.TF.fluoride"
"251","Ions_IC_spec_tf_fluoride_mdl","spec.IC.TF.fluoride_mdl"
"252","Ions_IC_spec_tf_chloride","spec.IC.TF.chloride"
"253","Ions_IC_spec_tf_chloride_mdl","spec.IC.TF.chloride_mdl"
"254","Ions_IC_spec_tf_sulphate","spec.IC.TF.sulphate"
"255","Ions_IC_spec_tf_sulphate_mdl","spec.IC.TF.sulphate_mdl"
"256","Ions_IC_spec_tf_oxalate","spec.IC.TF.oxalate"
"257","Ions_IC_spec_tf_oxalate_mdl","spec.IC.TF.oxalate_mdl"
"258","Ions_IC_spec_tf_nitrate","spec.IC.TF.nitrate"
"259","Ions_IC_spec_tf_nitrate_mdl","spec.IC.TF.nitrate_mdl"
"260","Ions_IC_spec_tf_lithium","spec.IC.TF.lithium"
"261","Ions_IC_spec_tf_lithium_mdl","spec.IC.TF.lithium_mdl"
"262","Ions_IC_spec_tf_sodium","spec.IC.TF.sodium"
"263","Ions_IC_spec_tf_sodium_mdl","spec.IC.TF.sodium_mdl"
"264","Ions_IC_spec_tf_ammonium","spec.IC.TF.ammonium"
"265","Ions_IC_spec_tf_ammonium_mdl","spec.IC.TF.ammonium_mdl"
"266","Ions_IC_spec_tf_potassium","spec.IC.TF.potassium"
"267","Ions_IC_spec_tf_potassium_mdl","spec.IC.TF.potassium_mdl"
"268","Ions_IC_spec_tf_magnesium","spec.IC.TF.magnesium"
"269","Ions_IC_spec_tf_magnesium_mdl","spec.IC.TF.magnesium_mdl"
"270","Ions_IC_spec_tf_calcium","spec.IC.TF.calcium"
"271","Ions_IC_spec_tf_calcium_mdl","spec.IC.TF.calcium_mdl"
"272","Ions_IC_spec_tf_acetate","spec.IC.TF.acetate"
"273","Ions_IC_spec_tf_acetate_mdl","spec.IC.TF.acetate_mdl"
"274","Ions_IC_spec_tf_formate","spec.IC.TF.formate"
"275","Ions_IC_spec_tf_formate_mdl","spec.IC.TF.formate_mdl"
"276","Ions_IC_spec_tf_propionate","spec.IC.TF.propionate"
"277","Ions_IC_spec_tf_propionate_mdl","spec.IC.TF.propionate_mdl"
"278","Ions_IC_spec_tf_msa","spec.IC.TF.msa"
"279","Ions_IC_spec_tf_msa_mdl","spec.IC.TF.msa_mdl"
"280","Ions_IC_spec_tf_nitrite","spec.IC.TF.nitrite"
"281","Ions_IC_spec_tf_nitrite_mdl","spec.IC.TF.nitrite_mdl"
"282","Ions_IC_spec_tf_bromide","spec.IC.TF.bromide"
"283","Ions_IC_spec_tf_bromide_mdl","spec.IC.TF.bromide_mdl"
"284","Ions_IC_spec_tf_phosphate","spec.IC.TF.phosphate"
"285","Ions_IC_spec_tf_phosphate_mdl","spec.IC.TF.phosphate_mdl"
"286","Ions_IC_spec_tf_strontium","spec.IC.TF.strontium"
"287","Ions_IC_spec_tf_strontium_mdl","spec.IC.TF.strontium_mdl"
"288","Ions_IC_spec_tf_barium","spec.IC.TF.barium"
"289","Ions_IC_spec_tf_barium_mdl","spec.IC.TF.barium_mdl"
"290","Ions_IC_spec_nf_spec_pm","spec.IC.NF.spec_pm"
"291","Ions_IC_spec_tf_spec_pm","spec.IC.TF.spec_pm"
"292","Ions_IC_spec_nf_fluoride","spec.IC.NF.fluoride"
"293","Ions_IC_spec_nf_fluoride_mdl","spec.IC.NF.fluoride_mdl"
"294","Ions_IC_spec_nf_acetate","spec.IC.NF.acetate"
"295","Ions_IC_spec_nf_acetate_mdl","spec.IC.NF.acetate_mdl"
"296","Ions_IC_spec_nf_formate","spec.IC.NF.formate"
"297","Ions_IC_spec_nf_formate_mdl","spec.IC.NF.formate_mdl"
"298","Ions_IC_spec_nf_propionate","spec.IC.NF.propionate"
"299","Ions_IC_spec_nf_propionate_mdl","spec.IC.NF.propionate_mdl"
"300","Ions_IC_spec_nf_msa","spec.IC.NF.msa"
"301","Ions_IC_spec_nf_msa_mdl","spec.IC.NF.msa_mdl"
"302","Ions_IC_spec_nf_chloride","spec.IC.NF.chloride"
"303","Ions_IC_spec_nf_chloride_mdl","spec.IC.NF.chloride_mdl"
"304","Ions_IC_spec_nf_nitrite","spec.IC.NF.nitrite"
"305","Ions_IC_spec_nf_nitrite_mdl","spec.IC.NF.nitrite_mdl"
"306","Ions_IC_spec_nf_sulphate","spec.IC.NF.sulphate"
"307","Ions_IC_spec_nf_sulphate_mdl","spec.IC.NF.sulphate_mdl"
"308","Ions_IC_spec_nf_oxalate","spec.IC.NF.oxalate"
"309","Ions_IC_spec_nf_oxalate_mdl","spec.IC.NF.oxalate_mdl"
"310","Ions_IC_spec_nf_bromide","spec.IC.NF.bromide"
"311","Ions_IC_spec_nf_bromide_mdl","spec.IC.NF.bromide_mdl"
"312","Ions_IC_spec_nf_nitrate","spec.IC.NF.nitrate"
"313","Ions_IC_spec_nf_nitrate_mdl","spec.IC.NF.nitrate_mdl"
"314","Ions_IC_spec_nf_barium_mdl","spec.IC.NF.barium_mdl"
"315","Ions_IC_spec_nf_phosphate","spec.IC.NF.phosphate"
"316","Ions_IC_spec_nf_phosphate_mdl","spec.IC.NF.phosphate_mdl"
"317","Ions_IC_spec_nf_lithium","spec.IC.NF.lithium"
"318","Ions_IC_spec_nf_lithium_mdl","spec.IC.NF.lithium_mdl"
"319","Ions_IC_spec_nf_sodium","spec.IC.NF.sodium"
"320","Ions_IC_spec_nf_sodium_mdl","spec.IC.NF.sodium_mdl"
"321","Ions_IC_spec_nf_ammonium","spec.IC.NF.ammonium"
"322","Ions_IC_spec_nf_ammonium_mdl","spec.IC.NF.ammonium_mdl"
"323","Ions_IC_spec_nf_potassium","spec.IC.NF.potassium"
"324","Ions_IC_spec_nf_potassium_mdl","spec.IC.NF.potassium_mdl"
"325","Ions_IC_spec_nf_magnesium","spec.IC.NF.magnesium"
"326","Ions_IC_spec_nf_magnesium_mdl","spec.IC.NF.magnesium_mdl"
"327","Ions_IC_spec_nf_manganese","spec.IC.NF.manganese"
"328","Ions_IC_spec_tf_manganese","spec.IC.TF.manganese"
"329","Ions_IC_spec_nf_mn_mdl","spec.IC.NF.manganese_mdl"
"330","Ions_IC_spec_tf_mn_mdl","spec.IC.TF.manganese_mdl"
"331","Ions_IC_spec_nf_calcium","spec.IC.NF.calcium"
"332","Ions_IC_spec_nf_calcium_mdl","spec.IC.NF.calcium_mdl"
"333","Ions_IC_spec_nf_strontium","spec.IC.NF.strontium"
"334","Ions_IC_spec_nf_strontium_mdl","spec.IC.NF.strontium_mdl"
"335","Ions_IC_spec_nf_barium","spec.IC.NF.barium"
"336","Metals_ICPMS_NT_dich_beryllium_be","dich.ICPMS_NT.TF.beryllium_be"
"337","Metals_ICPMS_NT_dich_be_mdl","dich.ICPMS_NT.TF.beryllium_be_mdl"
"338","Metals_ICPMS_NT_dich_aluminum_al","dich.ICPMS_NT.TF.aluminum_al"
"339","Metals_ICPMS_NT_dich_al_mdl","dich.ICPMS_NT.TF.aluminum_al_mdl"
"340","Metals_ICPMS_NT_dich_titanium_ti","dich.ICPMS_NT.TF.titanium_ti"
"341","Metals_ICPMS_NT_dich_ti_mdl","dich.ICPMS_NT.TF.titanium_ti_mdl"
"342","Metals_ICPMS_NT_dich_vanadium_v","dich.ICPMS_NT.TF.vanadium_v"
"343","Metals_ICPMS_NT_dich_v_mdl","dich.ICPMS_NT.TF.vanadium_v_mdl"
"344","Metals_ICPMS_NT_dich_chromium_cr","dich.ICPMS_NT.TF.chromium_cr"
"345","Metals_ICPMS_NT_dich_cr_mdl","dich.ICPMS_NT.TF.chromium_cr_mdl"
"346","Metals_ICPMS_NT_dich_manganese_mn","dich.ICPMS_NT.TF.manganese_mn"
"347","Metals_ICPMS_NT_dich_mn_mdl","dich.ICPMS_NT.TF.manganese_mn_mdl"
"348","Metals_ICPMS_NT_dich_iron_fe","dich.ICPMS_NT.TF.iron_fe"
"349","Metals_ICPMS_NT_dich_fe_mdl","dich.ICPMS_NT.TF.iron_fe_mdl"
"350","Metals_ICPMS_NT_dich_cobalt_co","dich.ICPMS_NT.TF.cobalt_co"
"351","Metals_ICPMS_NT_dich_co_mdl","dich.ICPMS_NT.TF.cobalt_co_mdl"
"352","Metals_ICPMS_NT_dich_nickel_ni","dich.ICPMS_NT.TF.nickel_ni"
"353","Metals_ICPMS_NT_dich_ni_mdl","dich.ICPMS_NT.TF.nickel_ni_mdl"
"354","Metals_ICPMS_NT_dich_copper_cu","dich.ICPMS_NT.TF.copper_cu"
"355","Metals_ICPMS_NT_dich_cu_mdl","dich.ICPMS_NT.TF.copper_cu_mdl"
"356","Metals_ICPMS_NT_dich_zinc_zn","dich.ICPMS_NT.TF.zinc_zn"
"357","Metals_ICPMS_NT_dich_zn_mdl","dich.ICPMS_NT.TF.zinc_zn_mdl"
"358","Metals_ICPMS_NT_dich_arsenic_as","dich.ICPMS_NT.TF.arsenic_as"
"359","Metals_ICPMS_NT_dich_as_mdl","dich.ICPMS_NT.TF.arsenic_as_mdl"
"360","Metals_ICPMS_NT_dich_selenium_se","dich.ICPMS_NT.TF.selenium_se"
"361","Metals_ICPMS_NT_dich_se_mdl","dich.ICPMS_NT.TF.selenium_se_mdl"
"362","Metals_ICPMS_NT_dich_strontium_sr","dich.ICPMS_NT.TF.strontium_sr"
"363","Metals_ICPMS_NT_dich_sr_mdl","dich.ICPMS_NT.TF.strontium_sr_mdl"
"364","Metals_ICPMS_NT_dich_molybdenum_mo","dich.ICPMS_NT.TF.molybdenum_mo"
"365","Metals_ICPMS_NT_dich_mo_mdl","dich.ICPMS_NT.TF.molybdenum_mo_mdl"
"366","Metals_ICPMS_NT_dich_silver_ag","dich.ICPMS_NT.TF.silver_ag"
"367","Metals_ICPMS_NT_dich_ag_mdl","dich.ICPMS_NT.TF.silver_ag_mdl"
"368","Metals_ICPMS_NT_dich_cadmium_cd","dich.ICPMS_NT.TF.cadmium_cd"
"369","Metals_ICPMS_NT_dich_cd_mdl","dich.ICPMS_NT.TF.cadmium_cd_mdl"
"370","Metals_ICPMS_NT_dich_tin_sn","dich.ICPMS_NT.TF.tin_sn"
"371","Metals_ICPMS_NT_dich_sn_mdl","dich.ICPMS_NT.TF.tin_sn_mdl"
"372","Metals_ICPMS_NT_dich_antimony_sb","dich.ICPMS_NT.TF.antimony_sb"
"373","Metals_ICPMS_NT_dich_sb_mdl","dich.ICPMS_NT.TF.antimony_sb_mdl"
"374","Metals_ICPMS_NT_dich_barium_ba","dich.ICPMS_NT.TF.barium_ba"
"375","Metals_ICPMS_NT_dich_ba_mdl","dich.ICPMS_NT.TF.barium_ba_mdl"
"376","Metals_ICPMS_NT_dich_lanthanum_la","dich.ICPMS_NT.TF.lanthanum_la"
"377","Metals_ICPMS_NT_dich_la_mdl","dich.ICPMS_NT.TF.lanthanum_la_mdl"
"378","Metals_ICPMS_NT_dich_cerium_ce","dich.ICPMS_NT.TF.cerium_ce"
"379","Metals_ICPMS_NT_dich_ce_mdl","dich.ICPMS_NT.TF.cerium_ce_mdl"
"380","Metals_ICPMS_NT_dich_thallium_tl","dich.ICPMS_NT.TF.thallium_tl"
"381","Metals_ICPMS_NT_dich_tl_mdl","dich.ICPMS_NT.TF.thallium_tl_mdl"
"382","Metals_ICPMS_NT_dich_lead_pb","dich.ICPMS_NT.TF.lead_pb"
"383","Metals_ICPMS_NT_dich_pb_mdl","dich.ICPMS_NT.TF.lead_pb_mdl"
"384","Metals_ICPMS_NT_dich_uranium_u","dich.ICPMS_NT.TF.uranium_u"
"385","Metals_ICPMS_NT_dich_u_mdl","dich.ICPMS_NT.TF.uranium_u_mdl"
"386","Metals_ICPMS_NT_beryllium_be","na.ICPMS_NT.TF.beryllium_be"
"387","Metals_ICPMS_NT_be_mdl","na.ICPMS_NT.TF.beryllium_be_mdl"
"388","Metals_ICPMS_NT_vanadium_v","na.ICPMS_NT.TF.vanadium_v"
"389","Metals_ICPMS_NT_v_mdl","na.ICPMS_NT.TF.vanadium_v_mdl"
"390","Metals_ICPMS_NT_chromium_cr","na.ICPMS_NT.TF.chromium_cr"
"391","Metals_ICPMS_NT_cr_mdl","na.ICPMS_NT.TF.chromium_cr_mdl"
"392","Metals_ICPMS_NT_manganese_mn","na.ICPMS_NT.TF.manganese_mn"
"393","Metals_ICPMS_NT_mn_mdl","na.ICPMS_NT.TF.manganese_mn_mdl"
"394","Metals_ICPMS_NT_iron_fe","na.ICPMS_NT.TF.iron_fe"
"395","Metals_ICPMS_NT_fe_mdl","na.ICPMS_NT.TF.iron_fe_mdl"
"396","Metals_ICPMS_NT_cobalt_co","na.ICPMS_NT.TF.cobalt_co"
"397","Metals_ICPMS_NT_co_mdl","na.ICPMS_NT.TF.cobalt_co_mdl"
"398","Metals_ICPMS_NT_nickel_ni","na.ICPMS_NT.TF.nickel_ni"
"399","Metals_ICPMS_NT_ni_mdl","na.ICPMS_NT.TF.nickel_ni_mdl"
"400","Metals_ICPMS_NT_copper_cu","na.ICPMS_NT.TF.copper_cu"
"401","Metals_ICPMS_NT_cu_mdl","na.ICPMS_NT.TF.copper_cu_mdl"
"402","Metals_ICPMS_NT_zinc_zn","na.ICPMS_NT.TF.zinc_zn"
"403","Metals_ICPMS_NT_zn_mdl","na.ICPMS_NT.TF.zinc_zn_mdl"
"404","Metals_ICPMS_NT_arsenic_as","na.ICPMS_NT.TF.arsenic_as"
"405","Metals_ICPMS_NT_as_mdl","na.ICPMS_NT.TF.arsenic_as_mdl"
"406","Metals_ICPMS_NT_selenium_se","na.ICPMS_NT.TF.selenium_se"
"407","Metals_ICPMS_NT_se_mdl","na.ICPMS_NT.TF.selenium_se_mdl"
"408","Metals_ICPMS_NT_strontium_sr","na.ICPMS_NT.TF.strontium_sr"
"409","Metals_ICPMS_NT_sr_mdl","na.ICPMS_NT.TF.strontium_sr_mdl"
"410","Metals_ICPMS_NT_molybdenum_mo","na.ICPMS_NT.TF.molybdenum_mo"
"411","Metals_ICPMS_NT_mo_mdl","na.ICPMS_NT.TF.molybdenum_mo_mdl"
"412","Metals_ICPMS_NT_silver_ag","na.ICPMS_NT.TF.silver_ag"
"413","Metals_ICPMS_NT_ag_mdl","na.ICPMS_NT.TF.silver_ag_mdl"
"414","Metals_ICPMS_NT_cadmium_cd","na.ICPMS_NT.TF.cadmium_cd"
"415","Metals_ICPMS_NT_cd_mdl","na.ICPMS_NT.TF.cadmium_cd_mdl"
"416","Metals_ICPMS_NT_tin_sn","na.ICPMS_NT.TF.tin_sn"
"417","Metals_ICPMS_NT_sn_mdl","na.ICPMS_NT.TF.tin_sn_mdl"
"418","Metals_ICPMS_NT_antimony_sb","na.ICPMS_NT.TF.antimony_sb"
"419","Metals_ICPMS_NT_sb_mdl","na.ICPMS_NT.TF.antimony_sb_mdl"
"420","Metals_ICPMS_NT_barium_ba","na.ICPMS_NT.TF.barium_ba"
"421","Metals_ICPMS_NT_ba_mdl","na.ICPMS_NT.TF.barium_ba_mdl"
"422","Metals_ICPMS_NT_thallium_tl","na.ICPMS_NT.TF.thallium_tl"
"423","Metals_ICPMS_NT_tl_mdl","na.ICPMS_NT.TF.thallium_tl_mdl"
"424","Metals_ICPMS_NT_lead_pb","na.ICPMS_NT.TF.lead_pb"
"425","Metals_ICPMS_NT_pb_mdl","na.ICPMS_NT.TF.lead_pb_mdl"
"426","Metals_ICPMS_NT_uranium_u","na.ICPMS_NT.TF.uranium_u"
"427","Metals_ICPMS_NT_u_mdl","na.ICPMS_NT.TF.uranium_u_mdl"
"428","Metals_ICPMS_NT_aluminum_al","na.ICPMS_NT.TF.aluminum_al"
"429","Metals_ICPMS_NT_al_mdl","na.ICPMS_NT.TF.aluminum_al_mdl"
"430","Metals_ICPMS_NT_titanium_ti","na.ICPMS_NT.TF.titanium_ti"
"431","Metals_ICPMS_NT_ti_mdl","na.ICPMS_NT.TF.titanium_ti_mdl"
"432","Metals_ICPMS_NT_lanthanum_la","na.ICPMS_NT.TF.lanthanum_la"
"433","Metals_ICPMS_NT_la_mdl","na.ICPMS_NT.TF.lanthanum_la_mdl"
"434","Metals_ICPMS_NT_cerium_ce","na.ICPMS_NT.TF.cerium_ce"
"435","Metals_ICPMS_NT_ce_mdl","na.ICPMS_NT.TF.cerium_ce_mdl"
"436","Metals_ICPMS_NT_spec_mass_ug_m3","spec.ICPMS_NT.TF.mass_ug_m3"
"437","Metals_ICPMS_NT_spec_beryllium_be","spec.ICPMS_NT.TF.beryllium_be"
"438","Metals_ICPMS_NT_spec_be_mdl","spec.ICPMS_NT.TF.beryllium_be_mdl"
"439","Metals_ICPMS_NT_spec_vanadium_v","spec.ICPMS_NT.TF.vanadium_v"
"440","Metals_ICPMS_NT_spec_v_mdl","spec.ICPMS_NT.TF.vanadium_v_mdl"
"441","Metals_ICPMS_NT_spec_chromium_cr","spec.ICPMS_NT.TF.chromium_cr"
"442","Metals_ICPMS_NT_spec_cr_mdl","spec.ICPMS_NT.TF.chromium_cr_mdl"
"443","Metals_ICPMS_NT_spec_manganese_mn","spec.ICPMS_NT.TF.manganese_mn"
"444","Metals_ICPMS_NT_spec_mn_mdl","spec.ICPMS_NT.TF.manganese_mn_mdl"
"445","Metals_ICPMS_NT_spec_iron_fe","spec.ICPMS_NT.TF.iron_fe"
"446","Metals_ICPMS_NT_spec_fe_mdl","spec.ICPMS_NT.TF.iron_fe_mdl"
"447","Metals_ICPMS_NT_spec_cobalt_co","spec.ICPMS_NT.TF.cobalt_co"
"448","Metals_ICPMS_NT_spec_co_mdl","spec.ICPMS_NT.TF.cobalt_co_mdl"
"449","Metals_ICPMS_NT_spec_nickel_ni","spec.ICPMS_NT.TF.nickel_ni"
"450","Metals_ICPMS_NT_spec_ni_mdl","spec.ICPMS_NT.TF.nickel_ni_mdl"
"451","Metals_ICPMS_NT_spec_copper_cu","spec.ICPMS_NT.TF.copper_cu"
"452","Metals_ICPMS_NT_spec_cu_mdl","spec.ICPMS_NT.TF.copper_cu_mdl"
"453","Metals_ICPMS_NT_spec_zinc_zn","spec.ICPMS_NT.TF.zinc_zn"
"454","Metals_ICPMS_NT_spec_zn_mdl","spec.ICPMS_NT.TF.zinc_zn_mdl"
"455","Metals_ICPMS_NT_spec_arsenic_as","spec.ICPMS_NT.TF.arsenic_as"
"456","Metals_ICPMS_NT_spec_as_mdl","spec.ICPMS_NT.TF.arsenic_as_mdl"
"457","Metals_ICPMS_NT_spec_selenium_se","spec.ICPMS_NT.TF.selenium_se"
"458","Metals_ICPMS_NT_spec_se_mdl","spec.ICPMS_NT.TF.selenium_se_mdl"
"459","Metals_ICPMS_NT_spec_strontium_sr","spec.ICPMS_NT.TF.strontium_sr"
"460","Metals_ICPMS_NT_spec_sr_mdl","spec.ICPMS_NT.TF.strontium_sr_mdl"
"461","Metals_ICPMS_NT_spec_molybdenum_mo","spec.ICPMS_NT.TF.molybdenum_mo"
"462","Metals_ICPMS_NT_spec_mo_mdl","spec.ICPMS_NT.TF.molybdenum_mo_mdl"
"463","Metals_ICPMS_NT_spec_silver_ag","spec.ICPMS_NT.TF.silver_ag"
"464","Metals_ICPMS_NT_spec_ag_mdl","spec.ICPMS_NT.TF.silver_ag_mdl"
"465","Metals_ICPMS_NT_spec_cadmium_cd","spec.ICPMS_NT.TF.cadmium_cd"
"466","Metals_ICPMS_NT_spec_cd_mdl","spec.ICPMS_NT.TF.cadmium_cd_mdl"
"467","Metals_ICPMS_NT_spec_tin_sn","spec.ICPMS_NT.TF.tin_sn"
"468","Metals_ICPMS_NT_spec_sn_mdl","spec.ICPMS_NT.TF.tin_sn_mdl"
"469","Metals_ICPMS_NT_spec_antimony_sb","spec.ICPMS_NT.TF.antimony_sb"
"470","Metals_ICPMS_NT_spec_sb_mdl","spec.ICPMS_NT.TF.antimony_sb_mdl"
"471","Metals_ICPMS_NT_spec_barium_ba","spec.ICPMS_NT.TF.barium_ba"
"472","Metals_ICPMS_NT_spec_ba_mdl","spec.ICPMS_NT.TF.barium_ba_mdl"
"473","Metals_ICPMS_NT_spec_thallium_tl","spec.ICPMS_NT.TF.thallium_tl"
"474","Metals_ICPMS_NT_spec_tl_mdl","spec.ICPMS_NT.TF.thallium_tl_mdl"
"475","Metals_ICPMS_NT_spec_lead_pb","spec.ICPMS_NT.TF.lead_pb"
"476","Metals_ICPMS_NT_spec_pb_mdl","spec.ICPMS_NT.TF.lead_pb_mdl"
"477","Metals_ICPMS_WS_spec_beryllium_be","spec.ICPMS_WS.TF.beryllium_be"
"478","Metals_ICPMS_WS_spec_be_mdl","spec.ICPMS_WS.TF.beryllium_be_mdl"
"479","Metals_ICPMS_WS_spec_aluminum_al","spec.ICPMS_WS.TF.aluminum_al"
"480","Metals_ICPMS_WS_spec_al_mdl","spec.ICPMS_WS.TF.aluminum_al_mdl"
"481","Metals_ICPMS_WS_spec_titanium_ti","spec.ICPMS_WS.TF.titanium_ti"
"482","Metals_ICPMS_WS_spec_ti_mdl","spec.ICPMS_WS.TF.titanium_ti_mdl"
"483","Metals_ICPMS_WS_spec_vanadium_v","spec.ICPMS_WS.TF.vanadium_v"
"484","Metals_ICPMS_WS_spec_v_mdl","spec.ICPMS_WS.TF.vanadium_v_mdl"
"485","Metals_ICPMS_WS_spec_chromium_cr","spec.ICPMS_WS.TF.chromium_cr"
"486","Metals_ICPMS_WS_spec_cr_mdl","spec.ICPMS_WS.TF.chromium_cr_mdl"
"487","Metals_ICPMS_WS_spec_manganese_mn","spec.ICPMS_WS.TF.manganese_mn"
"488","Metals_ICPMS_WS_spec_mn_mdl","spec.ICPMS_WS.TF.manganese_mn_mdl"
"489","Metals_ICPMS_WS_spec_iron_fe","spec.ICPMS_WS.TF.iron_fe"
"490","Metals_ICPMS_WS_spec_fe_mdl","spec.ICPMS_WS.TF.iron_fe_mdl"
"491","Metals_ICPMS_WS_spec_cobalt_co","spec.ICPMS_WS.TF.cobalt_co"
"492","Metals_ICPMS_WS_spec_co_mdl","spec.ICPMS_WS.TF.cobalt_co_mdl"
"493","Metals_ICPMS_WS_spec_nickel_ni","spec.ICPMS_WS.TF.nickel_ni"
"494","Metals_ICPMS_WS_spec_ni_mdl","spec.ICPMS_WS.TF.nickel_ni_mdl"
"495","Metals_ICPMS_WS_spec_copper_cu","spec.ICPMS_WS.TF.copper_cu"
"496","Metals_ICPMS_WS_spec_cu_mdl","spec.ICPMS_WS.TF.copper_cu_mdl"
"497","Metals_ICPMS_WS_spec_zinc_zn","spec.ICPMS_WS.TF.zinc_zn"
"498","Metals_ICPMS_WS_spec_zn_mdl","spec.ICPMS_WS.TF.zinc_zn_mdl"
"499","Metals_ICPMS_WS_spec_arsenic_as","spec.ICPMS_WS.TF.arsenic_as"
"500","Metals_ICPMS_WS_spec_as_mdl","spec.ICPMS_WS.TF.arsenic_as_mdl"
"501","Metals_ICPMS_WS_spec_selenium_se","spec.ICPMS_WS.TF.selenium_se"
"502","Metals_ICPMS_WS_spec_se_mdl","spec.ICPMS_WS.TF.selenium_se_mdl"
"503","Metals_ICPMS_WS_spec_strontium_sr","spec.ICPMS_WS.TF.strontium_sr"
"504","Metals_ICPMS_WS_spec_sr_mdl","spec.ICPMS_WS.TF.strontium_sr_mdl"
"505","Metals_ICPMS_WS_spec_molybdenum_mo","spec.ICPMS_WS.TF.molybdenum_mo"
"506","Metals_ICPMS_WS_spec_mo_mdl","spec.ICPMS_WS.TF.molybdenum_mo_mdl"
"507","Metals_ICPMS_WS_spec_silver_ag","spec.ICPMS_WS.TF.silver_ag"
"508","Metals_ICPMS_WS_spec_ag_mdl","spec.ICPMS_WS.TF.silver_ag_mdl"
"509","Metals_ICPMS_WS_spec_cadmium_cd","spec.ICPMS_WS.TF.cadmium_cd"
"510","Metals_ICPMS_WS_spec_cd_mdl","spec.ICPMS_WS.TF.cadmium_cd_mdl"
"511","Metals_ICPMS_WS_spec_tin_sn","spec.ICPMS_WS.TF.tin_sn"
"512","Metals_ICPMS_WS_spec_sn_mdl","spec.ICPMS_WS.TF.tin_sn_mdl"
"513","Metals_ICPMS_WS_spec_antimony_sb","spec.ICPMS_WS.TF.antimony_sb"
"514","Metals_ICPMS_WS_spec_sb_mdl","spec.ICPMS_WS.TF.antimony_sb_mdl"
"515","Metals_ICPMS_WS_spec_barium_ba","spec.ICPMS_WS.TF.barium_ba"
"516","Metals_ICPMS_WS_spec_ba_mdl","spec.ICPMS_WS.TF.barium_ba_mdl"
"517","Metals_ICPMS_WS_spec_thallium_tl","spec.ICPMS_WS.TF.thallium_tl"
"518","Metals_ICPMS_WS_spec_tl_mdl","spec.ICPMS_WS.TF.thallium_tl_mdl"
"519","Metals_ICPMS_WS_spec_lead_pb","spec.ICPMS_WS.TF.lead_pb"
"520","Metals_ICPMS_WS_spec_pb_mdl","spec.ICPMS_WS.TF.lead_pb_mdl"
"521","Metals_ICPMS_WS_spec_uranium_u","spec.ICPMS_WS.TF.uranium_u"
"522","Metals_ICPMS_WS_spec_u_mdl","spec.ICPMS_WS.TF.uranium_u_mdl"
"523","Metals_ICPMS_WS_spec_mass_ug_m3","spec.ICPMS_WS.TF.mass_ug_m3"
"524","Nitrate_IC_spec_nitrite","spec.V_IC.NF.nitrite"
"525","Nitrate_IC_spec_nitrite_mdl","spec.V_IC.NF.nitrite_mdl"
"526","Nitrate_IC_spec_nitrate","spec.V_IC.NF.nitrate"
"527","Nitrate_IC_spec_nitrate_mdl","spec.V_IC.NF.nitrate_mdl"
"528","Nitrate_IC_spec_sulphate","spec.V_IC.NF.sulphate"
"529","Nitrate_IC_spec_sulphate_mdl","spec.V_IC.NF.sulphate_mdl"
"530","OCEC_spec_oc1_a","spec.TOR.QF.oc1_a"
"531","OCEC_spec_oc2_a","spec.TOR.QF.oc2_a"
"532","OCEC_spec_oc3_a","spec.TOR.QF.oc3_a"
"533","OCEC_spec_oc4_a","spec.TOR.QF.oc4_a"
"534","OCEC_spec_poc_a","spec.TOR.QF.poc_a"
"535","OCEC_spec_ec1_a","spec.TOR.QF.ec1_a"
"536","OCEC_spec_ec2_a","spec.TOR.QF.ec2_a"
"537","OCEC_spec_ec3_a","spec.TOR.QF.ec3_a"
"538","OCEC_spec_oc_a","spec.TOR.QF.oc_a"
"539","OCEC_spec_oc_a_mdl","spec.TOR.QF.oc_r_a_mdl"
"540","OCEC_spec_ec_a","spec.TOR.QF.ec_a"
"541","OCEC_spec_ec_a_mdl","spec.TOR.QF.ec_r_a_mdl"
"542","OCEC_spec_tc_a","spec.TOR.QF.tc_a"
"543","OCEC_spec_tc_a_mdl","spec.TOR.QF.tc_a_mdl"
"544","OCEC_spec_oc1_b","spec.TOR.QF.oc1_b"
"545","OCEC_spec_oc2_b","spec.TOR.QF.oc2_b"
"546","OCEC_spec_oc3_b","spec.TOR.QF.oc3_b"
"547","OCEC_spec_oc4_b","spec.TOR.QF.oc4_b"
"548","OCEC_spec_oc_b","spec.TOR.QF.oc_b"
"549","OCEC_spec_oc_b_mdl","spec.TOR.QF.oc_r_b_mdl"
"550","OCEC_spec_oc_corr","spec.TOR.QF.oc_corr"
"551","OCEC_spec_oc_corr_mdl","spec.TOR.QF.oc_corr_mdl"
"552","OCEC_spec_tc_corr","spec.TOR.QF.tc_corr"
"553","OCEC_spec_tc_corr_mdl","spec.TOR.QF.tc_corr_mdl"
"554","OCEC_spec_poc_b","spec.TOR.QF.poc_b"
"555","OCEC_spec_ec1_b","spec.TOR.QF.ec1_b"
"556","OCEC_spec_ec2_b","spec.TOR.QF.ec2_b"
"557","OCEC_spec_ec3_b","spec.TOR.QF.ec3_b"
"558","OCEC_spec_ec_b","spec.TOR.QF.ec_b"
"559","OCEC_spec_ec_b_mdl","spec.TOR.QF.ec_r_b_mdl"
"560","OCEC_spec_tc_b","spec.TOR.QF.tc_b"
"561","OCEC_spec_tc_b_mdl","spec.TOR.QF.tc_b_mdl"
"562","OCEC_spec_pm_a","spec.TOR.QF.pm_a"
"563","OCEC_spec_pm_b","spec.TOR.QF.pm_b"
"564","OCEC_spec_poc_r_b","spec.TOR.QF.poc_r_b"
"565","OCEC_spec_poc_t_a","spec.TOR.QF.poc_t_a"
"566","OCEC_spec_poc_t_b","spec.TOR.QF.poc_t_b"
"567","OCEC_spec_oc_r_a","spec.TOR.QF.oc_r_a"
"568","OCEC_spec_oc_r_b","spec.TOR.QF.oc_r_b"
"569","OCEC_spec_ec_t_a","spec.TOR.QF.ec_t_a"
"570","OCEC_spec_ec_t_b","spec.TOR.QF.ec_t_b"
"571","OCEC_spec_ec_r_a","spec.TOR.QF.ec_r_a"
"572","OCEC_spec_ec_r_b","spec.TOR.QF.ec_r_b"
"573","Biomass_IC_spec_levoglucosan","spec.IC.TF.levoglucosan"
"574","Biomass_IC_spec_levoglucosan_mdl","spec.IC.TF.levoglucosan_mdl"
"575","Biomass_IC_spec_arabitol","spec.IC.TF.arabitol"
"576","Biomass_IC_spec_arabitol_mdl","spec.IC.TF.arabitol_mdl"
"577","Biomass_IC_spec_mannosan","spec.IC.TF.mannosan"
"578","Biomass_IC_spec_mannosan_mdl","spec.IC.TF.mannosan_mdl"
"579","Biomass_IC_spec_mannitol","spec.IC.TF.mannitol"
"580","Biomass_IC_spec_mannitol_mdl","spec.IC.TF.mannitol_mdl"
"581","Biomass_IC_spec_galactosan","spec.IC.TF.galactosan"
"582","Biomass_IC_spec_galactosan_mdl","spec.IC.TF.galactosan_mdl"
"583","Ammonia_IC_spec_ammonia","spec.IC.CAD.ammonia"
"584","Ammonia_IC_spec_ammonia_mdl","spec.IC.CAD.ammonia_mdl"
"585","Acidic_IC_spec_nitrous_acid","spec.IC.SCD.nitrous_acid"
"586","Acidic_IC_spec_nitrous_acid_mdl","spec.IC.SCD.nitrous_acid_mdl"
"587","Acidic_IC_spec_nitric_acid","spec.IC.SCD.nitric_acid"
"588","Acidic_IC_spec_nitric_acid_mdl","spec.IC.SCD.nitric_acid_mdl"
"589","Acidic_IC_spec_sulphur_dioxide","spec.IC.SCD.sulphur_dioxide"
"590","Acidic_IC_spec_sulphur_dioxide_mdl","spec.IC.SCD.sulphur_dioxide_mdl"
"591","EDXRF_spec_sulphate","spec.EDXRF.TF.sulphate"
"592","EDXRF_spec_sulphate_mdl","spec.EDXRF.TF.sulphate_mdl"
"593","EDXRF_spec_nitrate","spec.EDXRF.TF.nitrate"
"594","EDXRF_spec_nitrate_mdl","spec.EDXRF.TF.nitrate_mdl"
"595","EDXRF_spec_chlorine_cl","spec.EDXRF.TF.chlorine_cl"
"596","EDXRF_spec_cl_mdl","spec.EDXRF.TF.chlorine_cl_mdl"
"597","Ions_IC_spec_sodium","spec.IC.na.sodium"
"598","Ions_IC_spec_sodium_mdl","spec.IC.na.sodium_mdl"
"599","Ions_IC_spec_ammonium","spec.IC.na.ammonium"
"600","Ions_IC_spec_ammonium_mdl","spec.IC.na.ammonium_mdl"
"601","Metals_ICPMS_WS_spec_palladium","spec.ICPMS_WS.TF.palladium"
"602","EDXRF_spec_aluminum_al","spec.EDXRF.TF.aluminum_al"
"603","EDXRF_spec_al_mdl","spec.EDXRF.TF.aluminum_al_mdl"
"604","EDXRF_spec_silicon_si","spec.EDXRF.TF.silicon_si"
"605","EDXRF_spec_si_mdl","spec.EDXRF.TF.silicon_si_mdl"
"606","EDXRF_spec_sulphur_s","spec.EDXRF.TF.sulphur_s"
"607","EDXRF_spec_s_mdl","spec.EDXRF.TF.sulphur_s_mdl"
"608","EDXRF_spec_potassium_k","spec.EDXRF.TF.potassium_k"
"609","EDXRF_spec_k_mdl","spec.EDXRF.TF.potassium_k_mdl"
"610","EDXRF_spec_calcium_ca","spec.EDXRF.TF.calcium_ca"
"611","EDXRF_spec_ca_mdl","spec.EDXRF.TF.calcium_ca_mdl"
"612","EDXRF_spec_titanium_ti","spec.EDXRF.TF.titanium_ti"
"613","EDXRF_spec_ti_mdl","spec.EDXRF.TF.titanium_ti_mdl"
"614","EDXRF_spec_vanadium_v","spec.EDXRF.TF.vanadium_v"
"615","EDXRF_spec_v_mdl","spec.EDXRF.TF.vanadium_v_mdl"
"616","EDXRF_spec_chromium_cr","spec.EDXRF.TF.chromium_cr"
"617","EDXRF_spec_cr_mdl","spec.EDXRF.TF.chromium_cr_mdl"
"618","EDXRF_spec_manganese_mn","spec.EDXRF.TF.manganese_mn"
"619","EDXRF_spec_mn_mdl","spec.EDXRF.TF.manganese_mn_mdl"
"620","EDXRF_spec_iron_fe","spec.EDXRF.TF.iron_fe"
"621","EDXRF_spec_fe_mdl","spec.EDXRF.TF.iron_fe_mdl"
"622","EDXRF_spec_nickel_ni","spec.EDXRF.TF.nickel_ni"
"623","EDXRF_spec_ni_mdl","spec.EDXRF.TF.nickel_ni_mdl"
"624","EDXRF_spec_zinc_zn","spec.EDXRF.TF.zinc_zn"
"625","EDXRF_spec_zn_mdl","spec.EDXRF.TF.zinc_zn_mdl"
"626","EDXRF_spec_selenium_se","spec.EDXRF.TF.selenium_se"
"627","EDXRF_spec_se_mdl","spec.EDXRF.TF.selenium_se_mdl"
"628","EDXRF_spec_bromine_br","spec.EDXRF.TF.bromine_br"
"629","EDXRF_spec_br_mdl","spec.EDXRF.TF.bromine_br_mdl"
"630","EDXRF_spec_rubidium_rb","spec.EDXRF.TF.rubidium_rb"
"631","EDXRF_spec_rb_mdl","spec.EDXRF.TF.rubidium_rb_mdl"
"632","EDXRF_spec_strontium_sr","spec.EDXRF.TF.strontium_sr"
"633","EDXRF_spec_sr_mdl","spec.EDXRF.TF.strontium_sr_mdl"
"634","EDXRF_spec_cadmium_cd","spec.EDXRF.TF.cadmium_cd"
"635","EDXRF_spec_cd_mdl","spec.EDXRF.TF.cadmium_cd_mdl"
"636","EDXRF_spec_tin_sn","spec.EDXRF.TF.tin_sn"
"637","EDXRF_spec_sn_mdl","spec.EDXRF.TF.tin_sn_mdl"
"638","EDXRF_spec_antimony_sb","spec.EDXRF.TF.antimony_sb"
"639","EDXRF_spec_sb_mdl","spec.EDXRF.TF.antimony_sb_mdl"
"640","EDXRF_spec_cesium_cs","spec.EDXRF.TF.cesium_cs"
"641","EDXRF_spec_cs_mdl","spec.EDXRF.TF.cesium_cs_mdl"
"642","EDXRF_spec_barium_ba","spec.EDXRF.TF.barium_ba"
"643","EDXRF_spec_ba_mdl","spec.EDXRF.TF.barium_ba_mdl"
"644","EDXRF_spec_lead_pb","spec.EDXRF.TF.lead_pb"
"645","EDXRF_spec_pb_mdl","spec.EDXRF.TF.lead_pb_mdl"
"646","Ions_IC_spec_fluoride","spec.IC.na.fluoride"
"647","Ions_IC_spec_fluoride_mdl","spec.IC.na.fluoride_mdl"
"648","Ions_IC_spec_acetate","spec.IC.na.acetate"
"649","Ions_IC_spec_acetate_mdl","spec.IC.na.acetate_mdl"
"650","Ions_IC_spec_formate","spec.IC.na.formate"
"651","Ions_IC_spec_formate_mdl","spec.IC.na.formate_mdl"
"652","Ions_IC_spec_propionate","spec.IC.na.propionate"
"653","Ions_IC_spec_propionate_mdl","spec.IC.na.propionate_mdl"
"654","Ions_IC_spec_msa","spec.IC.na.msa"
"655","Ions_IC_spec_msa_mdl","spec.IC.na.msa_mdl"
"656","Ions_IC_spec_nitrite","spec.IC.na.nitrite"
"657","Ions_IC_spec_nitrite_mdl","spec.IC.na.nitrite_mdl"
"658","Ions_IC_spec_oxalate","spec.IC.na.oxalate"
"659","Ions_IC_spec_oxalate_mdl","spec.IC.na.oxalate_mdl"
"660","Ions_IC_spec_bromide","spec.IC.na.bromide"
"661","Ions_IC_spec_bromide_mdl","spec.IC.na.bromide_mdl"
"662","Ions_IC_spec_phosphate","spec.IC.na.phosphate"
"663","Ions_IC_spec_phosphate_mdl","spec.IC.na.phosphate_mdl"
"664","Ions_IC_spec_lithium","spec.IC.na.lithium"
"665","Ions_IC_spec_lithium_mdl","spec.IC.na.lithium_mdl"
"666","Ions_IC_spec_potassium","spec.IC.na.potassium"
"667","Ions_IC_spec_potassium_mdl","spec.IC.na.potassium_mdl"
"668","Ions_IC_spec_magnesium","spec.IC.na.magnesium"
"669","Ions_IC_spec_magnesium_mdl","spec.IC.na.magnesium_mdl"
"670","Ions_IC_spec_manganese_mn","spec.IC.na.manganese_mn"
"671","Ions_IC_spec_manganese_mdl","spec.IC.na.manganese_mn_mdl"
"672","Ions_IC_spec_calcium","spec.IC.na.calcium"
"673","Ions_IC_spec_calcium_mdl","spec.IC.na.calcium_mdl"
"674","Ions_IC_spec_strontium_sr","spec.IC.na.strontium_sr"
"675","Ions_IC_spec_strontium_mdl","spec.IC.na.strontium_sr_mdl"
"676","Ions_IC_spec_barium_ba","spec.IC.na.barium_ba"
"677","Ions_IC_spec_barium_mdl","spec.IC.na.barium_ba_mdl"
